Price,Location
,
"$2,000 ","1813 Caen St, Raleigh, NC 27610"
"$2,784-$3,276","13800 NW 22nd Ave Opa Locka FL 33054, 203, Opa Locka, FL 33054"
"$3,276 ","14301 NW 17th Path, Opa Locka, FL 33054"
"$3,276 ","13800 NW 22nd Ave, 305, Opa Locka, FL 33054"
"$2,784 ","13800 NW 22nd Ave, 205, Opa Locka, FL 33054"
"$2,784 ","13800 NW 22nd Ave, 217, Opa Locka, FL 33054"
"$1,350 ","7626 Windsor Oaks, San Antonio, TX 78239"
"$1,275 ","8212 S Drexel Ave, 3W, Chicago, IL 60619"
"$1,285 ","8214 S Drexel Ave, 1, Chicago, IL 60619"
"$1,150 ","7832 S Drexel Ave, Chicago, IL 60619"
"$1,149 ","1026 E 80th St, Chicago, IL 60619"
"$1,250 ","8214 S Drexel Ave, Chicago, IL 60619"
"$2,500 ","1470 North Ave, 1, Bridgeport, CT 06604"
"$1,550 ","1212 Grant Ave, Rockford, IL 61103"
"$1,800 ","10454 Silver Stirrup Dr, Colorado Springs, CO 80925"
"$2,800 ","142 W 47th St, Los Angeles, CA 90037"
"$1,520 ","860 Louisiana St, Gary, IN 46402"
"$3,800 ","8008 Harris Ave, Parkville, MD 21234"
"$1,855 ","1225 Garfield St, Gary, IN 46404"
"$1,850 ","3887 Monroe St, Gary, IN 46408"
"$1,800 ","319 Chase St, Gary, IN 46404"
"$1,950 ","1060 Polk St, Gary, IN 46402"
"$1,900 ","1241 Roosevelt Pl, Gary, IN 46404"
"$1,950 ","700 E 49th Ave, Gary, IN 46409"
"$1,745 ","4316 E 7th Ave, Gary, IN 46403"
"$1,100 ","3945 E 66th St, 2, Cleveland, OH 44105"
"$1,450 ","1231 Taney St, Gary, IN 46404"
"$800-$1,325","800 11th St S, Saint Cloud, MN 56301"
"$1,500 ","1579 Sloan St, Saint Paul, MN 55130"
"$2,400 ","2936 Bamboo St, Mesquite, TX 75150"
"$1,250 ","1611 N Rockton Ave, Rockford, IL 61103"
"$1,450 ","1230 Trampe Ave, Saint Louis, MO 63138"
"$2,700 ","636 N Hill Pl, A105, Los Angeles, CA 90012"
"$1,550 ","1902 Price St, Rockford, IL 61103"
"$1,475 ","1132 Jackson St, Rockford, IL 61107"
"$1,700 ","2224 11th Ave, Rockford, IL 61104"
"$1,400 ","121 W Haines St, 1 B, Philadelphia, PA 19144"
"$1,200 ","12007 Lakepointe St, 1, Detroit, MI 48224"
"$1,600 ","3928 W Lexington St, 3, Chicago, IL 60624"
"$2,000 ","7000 NW 8th Ave, 5, Miami, FL 33150"
"$2,000 ","1912 S Woodstock St, Philadelphia, PA 19145"
"$1,500 ","938 N 66th St, 1, Philadelphia, PA 19151"
"$1,550 ","8000 S Calumet Ave, 2, Chicago, IL 60619"
"$2,700 ","636 N Hill Pl, B402, Los Angeles, CA 90012"
"$2,460 ","636 N Hill Pl, A107, Los Angeles, CA 90012"
"$2,700 ","636 N Hill Pl, A101, Los Angeles, CA 90012"
"$3,996 ","636 N Hill Pl, A302, Los Angeles, CA 90012"
"$4,000 ","10911 Pinegrove St, 1-a, Jamaica, NY 11435"
"$4,600 ","11539 158th St, 1, Jamaica, NY 11434"
"$4,000 ","16351 Phroane Ave, 1, Jamaica, NY 11433"
"$1,700 ","4320 Pilling St, Philadelphia, PA 19124"
"$1,500 ","4708 Devereaux St, 2FL, Philadelphia, PA 19135"
"$1,700 ","8921 S Cottage Grove Ave, Chicago, IL 60619, USA, 2E, Chicago, IL"
$850 ,"2868 Churchill St, Macon, GA 31204"
"$1,700 ","8810 Tobias Ave, 4, Panorama City, CA 91402"
"$3,800 ","2721 NE 14th Street Cswy, 103, Pompano Beach, FL 33062"
"$1,000 ","712 S Hayford Ave, Lansing, MI 48912"
$750 ,"2358 Putnam St, Toledo, OH 43620"
"$3,900 ","2981 NW 43rd Ter, NA, Miami, FL 33142"
"$2,800 ","123 Brighton Ave, 1, Staten Island, NY 10301"
"$1,574 ","3408 4th St, New Orleans, LA 70125"
"$2,100 ","1805 W 80th St, Los Angeles, CA 90047"
"$1,700 ","509 E 23rd St, Baltimore, MD 21218"
"$2,350 ","4120 E 7th St, A, Long Beach, CA 90804"
"$1,350 ","318 E 80th St, 1, Chicago, IL 60619"
"$1,550 ","324 E 80th St, 1, Chicago, IL 60619"
"$2,000 ","8147 W Krall St, Glendale, AZ 85303"
"$2,500 ","2026 W Oxford St, Philadelphia, PA 19121"
"$2,030 ","2436 N Hollywood St, Philadelphia, PA 19132"
"$1,780 ","2437 N Hollywood St, Philadelphia, PA 19132"
"$1,780 ","2114 W Indiana Ave, Philadelphia, PA 19132, USA, Philadelphia, PA"
"$2,150 ","1153 85th Ave, Oakland, CA 94621"
"$3,915 ","8806 Ruthelen St, Los Angeles, CA 90047"
"$2,700 ","3608 Cotton Creek Ln, Fort Worth, TX 76123"
"$2,000 ","1260 NE 136th Ter, 1, North Miami, FL 33161"
"$3,500 ","7815 NW 4th Ave, A, Miami, FL 33150"
"$1,650 ","2213 Port St, New Orleans, LA 70117"
"$2,350 ","44 N Alboni Pl, 5, Long Beach, CA 90802"
"$3,175 ","3776 Underwood Dr, 3, San Jose, CA 95117"
"$3,999 ","3824 Barker Dr, 1, San Jose, CA 95117"
"$3,250 ","669 Belladonna Ct, Sunnyvale, CA 94086"
"$2,750 ","21331 NW 39th Ave, 21331, Miami Gardens, FL 33055"
"$2,950 ","211 E 29th St, 6, Long Beach, CA 90806"
"$2,600 ","415 S 18th St, 1, Newark, NJ 07103"
"$2,900 ","820 S 17th St, 3, Newark, NJ 07108"
"$1,850 ","1740 Algonquin Pkwy, Louisville, KY 40210"
"$2,750 ","124 NW 61st St, Miami, FL 33127"
"$2,800 ","21 Alexander St, 3, Newark, NJ 07106"
"$2,350 ","378 Avon Ave, 2, Newark, NJ 07108"
"$1,700 ","3920 N Northbrook Dr, Decatur, IL 62526"
"$1,400 ","20 Sickles Dr, Decatur, IL 62521"
"$2,495 ","6233 Roby Dr, Arlington, TX 76001"
"$2,495 ","6205 Roby Dr, Arlington, TX 76001"
"$2,595 ","6215 Wilhitte Dr, Arlington, TX 76001"
"$2,495 ","6237 Roby Dr, Arlington, TX 76001"
"$1,560 ","1716 Marais St, New Orleans, LA 70116"
"$2,495 ","3528 Milan St, Arlington, TX 76015"
"$2,400 ","8250 W 21st Ln, 308, Hialeah, FL 33016"
"$2,400 ","1621 NW 16th St, 2, Miami, FL 33125"
"$1,895 ","2008 Ramblewood Rd, A, Baltimore, MD 21239"
"$1,395 ","4202 Saint Georges Ave, 11, Baltimore, MD 21212"
"$1,585 ","4304 Seminole Ave, T1, Baltimore, MD 21229"
"$1,995 ","640 Ponca St, 1, Baltimore, MD 21224"
"$1,495 ","2203 Roslyn Ave, 301, Baltimore, MD 21216"
"$1,695 ","2811 Virginia Ave, B2, Baltimore, MD 21215"
"$1,695 ","2300 Mount Royal Ter, 2, Baltimore, MD 21217"
"$1,750 ","4105 Ogden St, 2, Philadelphia, PA 19104"
"$1,900 ","1200 Lemontree Ct, Antioch, CA 94509"
"$1,800 ","1444 S Trumbull Ave, 3, Chicago, IL 60623"
"$2,500 ","1351 85th Ave, D, Oakland, CA 94621"
"$1,999 ","6235 Bromley Ave, 1, Oakland, CA 94621"
"$1,650 ","7748 S Ada St, 3, Chicago, IL 60620"
"$2,300 ","1351 85th Ave, A, Oakland, CA 94621"
$650 ,"703 H Ave, 1, Eureka, SD 57437"
$450 ,"703 H Ave, 3, Eureka, SD 57437"
"$1,400 ","7806 S Ashland Ave, 3, Chicago, IL 60620"
"$1,600 ","2602 E 87th St, 2, Chicago, IL 60617"
"$1,450 ","8058 S Paulina St, 1, Chicago, IL 60620"
"$1,450 ","7505 S Ridgeland Ave, 3, Chicago, IL 60649"
"$1,650 ","1620 E 75th St, 1, Chicago, IL 60649"
"$1,550 ","1510 E 74th St, 2, Chicago, IL 60619"
"$1,450 ","1607 W 80th St, 302, Chicago, IL 60620"
"$2,300 ","13503 Tulipwood Nook, 102, San Antonio, TX 78253"
"$1,800 ","6558 S Green St, 3, Chicago, IL 60621"
"$1,050 ","317 S Kilpatrick Ave, G, Chicago, IL 60644"
"$1,650 ","325 S Kilpatrick Ave, 1, Chicago, IL 60644"
"$2,200 ","212 Smalley Ave, 7, Hayward, CA 94541"
"$1,450 ","321 S Kilpatrick Ave, 2, Chicago, IL 60644"
"$1,600 ","468 W Winneconna Pkwy, 3, Chicago, IL 60620"
"$1,650 ","8011 S Wood St, 1, Chicago, IL 60620"
"$1,450 ","8011 S Wood St, 2B, Chicago, IL 60620"
"$1,450 ","8056 S Paulina St, 1, Chicago, IL 60620"
"$1,450 ","6649 S Maplewood Ave, 1, Chicago, IL 60629"
"$2,500 ","4958 S Michigan Ave, 3, Chicago, IL 60615"
"$1,900 ","4956 S Michigan Ave, 3, Chicago, IL 60615"
"$1,800 ","3825 W Chicago Ave, 2, Chicago, IL 60651"
"$1,100 ","1736 Edward Ave, Memphis, TN 38107"
"$2,748 ","913 N Culver Ave, 4, Compton, CA 90220"
"$1,450 ","7042 S Michigan Ave, 1, Chicago, IL 60637"
"$2,999 ","3421 Egret Ct, McKinney, TX 75071"
"$1,650 ","7042 S Michigan Ave, 3, Chicago, IL 60637"
"$1,550 ","1616 E 75th St, 2, Chicago, IL 60649"
"$1,550 ","7921 S Wood St, 3, Chicago, IL 60620"
"$2,000 ","742 S California Ave, 3, Chicago, IL 60612"
"$2,123 ","4230 Theresa Ln, Merced, CA 95348"
"$1,600 ","1444 S Trumbull Ave, 2, Chicago, IL 60623"
"$1,250 ","1708 W 81st St, 1, Chicago, IL 60620"
"$1,450 ","1527 W 83rd St, 3, Chicago, IL 60620"
"$1,650 ","1524 W 83rd St, G, Chicago, IL 60620"
"$1,800 ","3825 W Chicago Ave, 3, Chicago, IL 60651"
"$1,100 ","9520 Royal Ln, 301A, Dallas, TX 75243"
"$3,300 ","7505 Tin Cup Dr, Arlington, TX 76001"
"$2,800 ","608 Ricochet Dr, Fort Worth, TX 76131"
"$2,500 ","420 N Denley Dr, Dallas, TX 75203"
"$1,475 ","1806 Susan Dr, Tyler, TX 75703"
"$1,695 ","1110 Dogwood St, Tyler, TX 75701"
"$1,475 ","3436 W Franklin Blvd, 1B, Chicago, IL 60624"
"$1,475 ","3 N Keeler Ave, 202, Chicago, IL 60624"
"$1,750 ","121 N Kostner Ave, 3, Chicago, IL 60624"
"$2,350 ","1613 Hillhurst Ave, Los Angeles, CA 90027"
"$2,500 ","234 Pecos Trl, Cross Roads, TX 76227"
"$2,350 ","3225 Drew St, Los Angeles, CA 90065"
$875 ,"1777 Wathen Ln, 6, Louisville, KY 40216"
"$1,300 ","121 Willowwood Dr, Dayton, OH 45405"
"$1,049 ","8039 S King Dr, 303, Chicago, IL 60619"
"$2,000 ","665 NE 133rd St, 19, North Miami, FL 33161"
"$1,009 ","7415 S Colfax Ave, 1B, Chicago, IL 60649"
"$1,635 ","1015 North Ln, B, Houston, TX 77088"
"$1,100 ","1724 W Sanford St, D, Arlington, TX 76012"
"$2,000 ","4301 Seidel Ave, Baltimore, MD 21206"
"$3,850 ","6920 Gothic Marigold St, Las Vegas, NV 89149"
"$2,480 ","7300 Pirates Cove Rd, 2077, Las Vegas, NV 89145"
"$2,450 ","7300 Pirates Cove Rd, 2089, Las Vegas, NV 89145"
"$2,450 ","7200 Pirates Cove Rd, 1043, Las Vegas, NV 89145"
"$2,450 ","2121 Blue Breeze Dr, 203, Las Vegas, NV 89128"
"$2,450 ","7300 Pirates Cove Rd, 2082, Las Vegas, NV 89145"
"$2,450 ","2120 Sealion Dr, 103, Las Vegas, NV 89128"
"$2,600 ","9633 Birch St, 2, Oakland, CA 94603"
"$4,000 ","530 W 52nd Pl, Los Angeles, CA 90037"
"$2,550 ","1458 E Divisadero St, A, Fresno, CA 93721"
"$1,495 ","134 N Poplar Ave, A, Fresno, CA 93701"
"$1,999 ","11414 Menlo Ave, 1, Los Angeles, CA 90044"
"$3,350 ","2439 Solaris Bend Dr, Katy, TX 77493"
"$3,350 ","3048 Myrtle Sunset Dr, Katy, TX 77493"
"$2,500 ","4043 W Harrison St, C, Chicago, IL 60624"
"$2,900 ","806 E Aimee St, Forney, TX 75126"
"$1,850 ","330 Anton Dr, San Antonio, TX 78223"
"$2,400 ","4347 Redstone Dr, San Antonio, TX 78219"
"$2,800 ","603 1/2 W Gage Ave , Los Angeles, CA 90044"
"$1,750 ","754 W Southcross Blvd, San Antonio, TX 78211"
"$3,900 ","1056 W 61st St, Los Angeles, CA 90044"
"$2,995 ","2815 Hyde Park Blvd, Los Angeles, CA 90043"
"$1,800 ","5103 Fairington Ridge Cir, Lithonia, GA 30038, USA, Lithonia, GA"
"$1,850 ","4303 Fairington Club Dr, Lithonia, GA 30038"
$995 ,"4932 W Thompson St, 1, Philadelphia, PA 19131"
$875 ,"4522 Winnrose Way, 114, Louisville, KY 40211"
"$1,600 ","3323 Elmora Ave, Baltimore, MD 21213"
$950 ,"1902 Farnsley Rd, 4, Louisville, KY 40216"
"$2,100 ","3101 N Country Club Dr, 6, Miami, FL 33180"
"$3,295 ","3153 NW 42nd St, Miami, FL 33142"
"$3,195 ","2271 NW 63rd St, Miami, FL 33147"
$650-$700,"1801 Ekin Ave, 21, New Albany, IN 47150"
"$1,995 ","8102 Compton Ave, Los Angeles, CA 90001"
"$2,400 ","3325 Center Ave, Richmond, CA 94804"
"$3,875 ","1805 Whistler Dr, Little Elm, TX 75068"
"$1,150 ","4614 Rising Sun Ave, 2, Philadelphia, PA 19140"
"$2,050 ","3500 Thomas Pointe Ct, 2C, Abingdon, MD 21009"
"$1,700 ","420 Old Home Rd, Baltimore, MD 21206"
"$2,200 ","7925 E Baltimore St, Baltimore, MD 21224"
"$1,900 ","1135 Poplar Grove St, Baltimore, MD 21216"
"$2,300 ","624 Appleton St, Baltimore, MD 21217"
"$2,400 ","2206 Whittier Ave, Baltimore, MD 21217"
"$1,750 ","3003 N Bonsall St, Philadelphia, PA 19132"
"$2,000 ","3213 N Stillman St, Philadelphia, PA 19129"
"$1,100 ","323 N 23rd St, Louisville, KY 40212"
"$1,100 ","652 S 37th St, 9, Louisville, KY 40211"
$875 ,"118 N 18th St, 1, Louisville, KY 40203"
"$1,495 ","2555 Foothill Blvd, Oakland, CA 94601"
"$1,495 ","81 9th St, 606, San Francisco, CA 94103"
"$1,895 ","1757 26th Ave, 108, Oakland, CA 94601"
"$1,495 ","81 9th St, 509, San Francisco, CA 94103"
"$1,695 ","765 Ofarrell St, 5, San Francisco, CA 94109"
"$1,495 ","81 9th St, 408, San Francisco, CA 94103"
"$1,750 ","4011 Botany Ln, Houston, TX 77047"
$875 ,"1900 Farnsley Rd, 7, Louisville, KY 40216"
$850 ,"7134 West Florissant Ave, Saint Louis, MO 63136"
$950 ,"7343 Saint Andrews Church Rd, 1, Louisville, KY 40214"
"$1,350 ","3202 Bradwell Ave, 2, Cleveland, OH 44109"
"$1,600 ","1042 Greenlaw Ave, Memphis, TN 38105"
"$1,100 ","652 S 37th St, 11, Louisville, KY 40211"
"$1,695 ","6000 Park Heights Ave, 0, Baltimore, MD 21215"
"$1,513 ","1303 N Woodington Rd, Baltimore, MD 21229"
"$1,995 ","6807 Park Heights Ave, Baltimore, MD 21215"
"$1,480 ","4140 Mountwood Rd, Baltimore, MD 21229"
$995 ,"935 Geary St, 607, San Francisco, CA 94109"
$995 ,"935 Geary St, 1006, San Francisco, CA 94109"
"$1,895 ","81 9th St, 401, San Francisco, CA 94103"
"$1,795 ","6638 MacArthur Blvd, 15, Oakland, CA 94605"
"$1,390 ","7612 Vermont Ave, Saint Louis, MO 63111"
"$3,900 ","13888 Lilac Sky Ter, Bradenton, FL 34211"
"$2,500 ","2022 N 25th St, Philadelphia, PA 19121"
"$1,030 ","3543 Michigan Ave, 1FN, Saint Louis, MO 63118"
"$1,400-$1,500","7825 S Marshfield Ave, Chicago, IL 60620"
"$1,200 ","2274 Vermont St, Gary, IN 46407"
"$3,275 ","1611 S 5th St, Phoenix, AZ 85004"
"$2,595 ","8169 W Groom Creek Rd, Phoenix, AZ 85043"
"$1,200 ","2421 Delaware St, Gary, IN 46407"
"$2,875 ","1737 W Pollack St, Phoenix, AZ 85041"
"$3,495 ","7116 S 78th Dr, Laveen, AZ 85339"
"$1,350 ","3202 Bradwell Ave, 1, Cleveland, OH 44109"
"$4,150 ","1360 NW 70th St, Miami, FL 33147"
"$3,295 ","1084 NW 75th St, Miami, FL 33150"
"$1,695 ","2863 Edgecombe Cir N, Baltimore, MD 21215"
"$1,585 ","4304 Seminole Ave, Baltimore, MD 21229"
"$1,695 ","2809 Virginia Ave, Baltimore, MD 21215"
"$1,395 ","4202 Saint Georges Ave, 0, Baltimore, MD 21212"
"$2,495 ","1001 Seabrook Dr, Plano, TX 75023"
"$1,695 ","4016 N Rogers Ave, B, Gwynn Oak, MD 21207"
"$2,850 ","13252 Old Biscayne Dr, 123, Homestead, FL 33033"
"$1,595 ","1401 Wentworth Ave, A1, Parkville, MD 21234"
"$1,350 ","8617 Force Ave, Cleveland, OH 44105"
"$2,500 ","3053 Pearl Ave, 4, San Jose, CA 95136"
"$2,900 ","7106 Tides Trl, 1, San Antonio, TX 78252"
"$2,800 ","1403 Flame Tanager, 1, San Antonio, TX 78245"
"$1,995 ","6703 Kincheloe Ave, F, Gwynn Oak, MD 21207"
"$1,500 ","104 S Avenue 64, 222, Los Angeles, CA 90042"
"$1,495 ","81 9th St, 506, San Francisco, CA 94103"
"$1,095 ","12227 FM 1957, 5, San Antonio, TX 78253"
"$1,595 ","12227 FM 1957, 6, San Antonio, TX 78253"
"$1,395 ","12227 FM 1957, 3, San Antonio, TX 78253"
"$1,600 ","3201 Elmley Ave, Baltimore, MD 21213"
"$2,803 ","1455 2nd Ave, San Diego, CA 92101"
"$1,800 ","104 S. Ave 64, 122, Los Angeles, CA 90042"
"$2,895 ","247 Boracay Cir, Saint Johns, FL 32259"
"$3,375-$3,475","708 Homestead St, Baltimore, MD 21218"
"$1,500 ","513 4th St, 2, Pitcairn, PA 15140"
"$3,975 ","708 Lake Grove Dr, Little Elm, TX 75068"
"$1,100 ","18661 Biltmore St, Detroit, MI 48235"
$775 ,"413 Quince St, 2, Edwardsville, IL 62025"
"$1,150 ","8416 S Escanaba Ave, 1, Chicago, IL 60617"
"$4,000 ","2130 Quimby Ave, 3, Bronx, NY 10473"
"$2,600 ","646 Nebraska Ave, 8, Long Beach, CA 90802"
"$1,700 ","6111 S Eberhart Ave, 2, Chicago, IL 60637"
"$3,200 ","2315 Mandarin Way, Antioch, CA 94509"
"$1,150 ","6232 S Marshfield Ave, 1, Chicago, IL 60636"
"$3,000 ","5500 Ackerfield Ave, 301, Long Beach, CA 90805"
"$2,895 ","2772 Blossom Way, Naples, FL 34120"
"$1,995 ","6807 Park Heights Ave, 3A, Baltimore, MD 21215"
"$1,450 ","1401 E 69th Pl, 1, Chicago, IL 60637"
"$1,695 ","5906 Park Heights Ave, 508, Baltimore, MD 21215"
"$1,695 ","2863 Edgecombe Cir S, A, Baltimore, MD 21215"
"$1,995 ","6807 Park Heights Ave, 3L, Baltimore, MD 21215"
"$1,695 ","6810 Park Heights Ave, Baltimore, MD 21215"
"$1,695 ","6000 Park Heights Ave, 1F, Baltimore, MD 21215"
"$1,500 ","5021 The Alameda, A, Baltimore, MD 21239"
"$1,995 ","113 N Clinton St, Baltimore, MD 21224"
"$1,495 ","819 Gilrubin Ct, 3, Baltimore, MD 21212"
"$1,200 ","13543 Faust Ave, Detroit, MI 48223"
$700 ,"14834 Sussex St, 2N, Detroit, MI 48227"
$825 ,"4077 Columbus St, 3, Wayne, MI 48184"
"$1,100 ","20602 Regent Dr, Detroit, MI 48205"
"$1,275 ","19192 Waltham St, Detroit, MI 48205"
"$1,350 ","15328 Kentfield St, Detroit, MI 48223"
"$1,050 ","4661 Bedford St, Upper, Detroit, MI 48224"
"$1,000 ","12850 Dresden St, Detroit, MI 48205"
"$2,750 ","8 Whitmore Pl, 3, Oakland, CA 94611"
"$1,300 ","3226 Jasper St, Philadelphia, PA 19134"
"$2,900 ","2817 Avenue D, Brooklyn, NY 11226"
"$3,600 ","1975 Bergen St, 2, Brooklyn, NY 11233"
"$3,600 ","438 E 141st St, Bronx, NY 10454"
"$1,200 ","719 W 76th St, 1, Chicago, IL 60620"
"$2,040 ","938 3/4 S Fetterly Ave, Los Angeles, CA 90022"
"$2,250 ","6519 Rye Pond, San Antonio, TX 78252"
"$2,090 ","1054 E Pasadena St, Pomona, CA 91767"
"$2,799 ","2348 Dolostone Dr, Aubrey, TX 76227"
"$3,850 ","2160 Story Ave, 2, Bronx, NY 10473"
"$1,495 ","2409 3rd Pl NW, Center Point, AL 35215"
"$4,100 ","2116 Lafayette Ave, 2, Bronx, NY 10473"
"$2,490 ","712 S Rose St, Baltimore, MD 21224"
"$1,513 ","1103 N Woodington Rd, 1, Baltimore, MD 21229"
"$1,695 ","2421 N Calvert St, C, Baltimore, MD 21218"
"$1,480 ","1303 N Woodington Rd, 4, Baltimore, MD 21229"
"$1,695 ","2809 Virginia Ave, C8, Baltimore, MD 21215"
"$1,750 ","4506 Kosarek Dr, Corpus Christi, TX 78415"
"$1,695 ","4312 Fernhill Ave, B, Baltimore, MD 21215"
"$3,000 ","14119 Slate Xing, San Antonio, TX 78253"
"$1,995 ","6807 Park Heights Ave, 2J, Baltimore, MD 21215"
"$1,434 ","124 Chestnut St, up, Elyria, OH 44035"
"$1,108 ","1340 Massachusetts Ave, Lorain, OH 44052"
"$1,495 ","4080 Sepulveda Ave, 4, San Bernardino, CA 92404"
"$1,800 ","6631 Walnut Valley Dr, San Antonio, TX 78242"
"$2,400 ","11120 S Figueroa St, Los Angeles, CA 90061"
"$1,000 ","3220 Chateau Morse Ct, Columbus, OH 43231"
"$2,375 ","346 E 104th St, Los Angeles, CA 90003"
$880-$926,"22720 Imperial Valley Dr, 1004, Houston, TX 77073"
"$2,970 ","1940 NW 8th St, Pompano Beach, FL 33069"
"$1,305-$1,425","2641 W. Randol Mill Rd. , A, Arlington, TX 76012"
"$1,165 ","1105 Uta Blvd, Arlington, TX 76013"
"$1,195 ","315 Rose St, 315-C, Arlington, TX 76010"
"$1,850 ","413 1/4 E 41st Pl, Los Angeles, CA 90011"
"$2,100 ","6872 W Darrel Rd, Laveen, AZ 85339"
"$1,880 ","1125 NE 16th Pl, 205, Fort Lauderdale, FL 33305"
"$1,750 ","3540 Algonquin Pkwy, Louisville, KY 40211"
"$2,000 ","3818 Hickok Ln, Houston, TX 77047"
"$3,100 ","4516 Wood Fern RD, Melissa, TX 75454"
"$3,000 ","125 Waterhouse Lake Dr, Anna, TX 75409"
"$3,795 ","2508 SE 14th Ave, 33035, Homestead, FL 33035"
"$1,500 ","2440 E 32nd St, Lorain, OH 44055"
"$1,500 ","829 Boyd St, Baltimore, MD 21201"
"$2,399 ","3465 Narrow Creek Ct, Stockbridge, GA 30281"
"$1,325 ","1317 5th Pl NW, Center Point, AL 35215"
"$1,800-$2,200","5510 NE 1st Ct Miami FL 33137, 01, Miami, FL 33137"
"$1,290 ","2717 N Howard St, A, Philadelphia, PA 19133"
"$1,995 ","6807 Park Heights Ave, 2K, Baltimore, MD 21215"
"$2,495 ","2110 E Avenue Q6, Palmdale, CA 93550"
"$1,735 ","3318 N Decatur Blvd, Las Vegas, NV 89130"
"$3,700 ","12131 NW 23rd Ct, Miami, FL 33167"
"$1,700 ","701 NW 6th St, A, Blue Springs, MO 64014"
"$3,000 ","919 Sako Ln, Mesquite, TX 75181"
"$2,500 ","4029 Staghorn Cir N, Fort Worth, TX 76137"
"$2,800 ","4017 Diamond Ridge Dr, Fort Worth, TX 76244"
"$1,050 ","601 W 6th Ave, 3-4-5, Tallahassee, FL 32303"
"$1,500 ","139 S 61st St, 2, Philadelphia, PA 19139"
"$1,450 ","15665 Saratoga St, Detroit, MI 48205"
"$1,600 ","13887 Eastwood St, Detroit, MI 48205"
"$1,950 ","823 Williams Pl, Mansfield, TX 76063"
"$1,400 ","14717 Troester St, Detroit, MI 48205"
"$2,500 ","515 Lynda Ln, Arlington, TX 76010"
"$2,464 ","5509 Sedalia Dr, Arlington, TX 76018"
"$2,068 ","801 Truman St, Arlington, TX 76011"
"$2,400 ","1204 Dora St, Bedford, TX 76022"
"$2,200 ","9602 Croesus Ave, Los Angeles, CA 90002"
"$1,500 ","746 NW 61st St, Miami, FL 33127"
"$2,300 ","911 W 68th St, Los Angeles, CA 90044"
"$2,400 ","1675 S Ardmore Ave, 1675, Los Angeles, CA 90006"
"$2,400 ","1065 N Oxford Ave, 1065, Los Angeles, CA 90029"
"$2,694 ","717 S Montford Ave, Baltimore, MD 21224"
"$2,374 ","100 N Bradford St, Baltimore, MD 21224"
"$3,300 ","8806 Orchard Ave, 3, Los Angeles, CA 90044"
"$2,200 ","446 Mellon St SE, 3, Washington, DC 20032"
"$2,400 ","4813 Concho Ct, Carmichael, CA 95608"
"$4,000 ","794 Oneida St, Denver, CO 80220"
"$3,250 ","719 E 20th St, Baltimore, MD 21218"
"$1,690 ","2719 N Howard St, D, Philadelphia, PA 19133"
"$1,300 ","851 Golden St, 1, Tallahassee, FL 32304"
"$1,895 ","2630 S Hobart Blvd, 4, Los Angeles, CA 90018"
"$1,895 ","2630 S Hobart Blvd, Los Angeles, CA 90018"
"$2,375 ","2621 SE 12th Rd, 104, Homestead, FL 33035"
"$2,000 ","5625 S Princeton Ave, Apt 3, Chicago, IL 60621"
"$2,900 ","1238 W 108th St, Chicago, IL 60643"
"$2,000 ","5625 S Princeton Ave, Apt 1, Chicago, IL 60621"
"$1,100 ","312 W Upsal St, 1R, Philadelphia, PA 19119"
$750 ,"6616 Woodland Ave, 1, Philadelphia, PA 19142"
"$1,600 ","1542 S Stanley St, Philadelphia, PA 19146"
"$1,600 ","1543 S Napa St, Philadelphia, PA 19146"
"$1,500 ","1615 S Taney St, Philadelphia, PA 19145"
"$1,800 ","3409 W Westmoreland St, Philadelphia, PA 19129"
"$3,500 ","3688 Cape Cod Ct, 1, San Jose, CA 95117"
"$1,800 ","1702 S Bancroft St, Philadelphia, PA 19145"
"$3,500 ","1735 Leighton Ave, Los Angeles, CA 90062"
"$3,000 ","3015 Pine Ridge Dr, Rockwall, TX 75032"
"$3,000 ","116 Birdbrook Dr, Anna, TX 75409"
"$3,500 ","1436 Junction Run, Mesquite, TX 75181"
"$1,450 ","11342 S Indiana Ave, 2, Chicago, IL 60628"
"$3,500 ","4518 Ebb Tide Dr, Rowlett, TX 75088"
"$1,700 ","4643 E Pueblo Ave, Phoenix, AZ 85040"
"$1,300 ","1962 E 71st Pl, Chicago, IL 60649"
"$1,800 ","4433 E Wood St, Phoenix, AZ 85040"
"$1,600 ","7755 S Ada St, Chicago, IL 60620"
"$1,500 ","7932 S Saint Lawrence Ave, Chicago, IL 60619"
"$1,860 ","234 N Pine Ave, Chicago, IL 60644"
"$1,680 ","6531 S Lowe Ave, Chicago, IL 60621"
"$923-$1,254","363 N General McMullen Dr, San Antonio, TX 78237"
"$1,600 ","7600 S Kingston Ave, Chicago, IL 60649"
"$1,680 ","7748 S Essex Ave, Chicago, IL 60649"
"$2,400 ","151 W Manheim St, Philadelphia, PA 19144"
"$2,100 ","3763 N 18th St, Philadelphia, PA 19140"
"$2,700 ","2333 83rd Ave, 2, Oakland, CA 94605"
"$1,500 ","1345 W Rockland St, 3, Philadelphia, PA 19141"
"$2,700 ","2335 83rd Ave, 2, Oakland, CA 94605"
"$1,400 ","4259 W Wilcox St, G, Chicago, IL 60624"
$850 ,"837 E Woodlawn Ave, 2, Philadelphia, PA 19138"
"$3,000 ","3900 W Jackson Blvd, 2, Chicago, IL 60624"
"$1,800 ","3616 W 5th Ave, GDN, Chicago, IL 60624"
"$2,100 ","347 S Winterhaven, Mesa, AZ 85204"
"$2,450 ","1660 SE 29th St, 207, Homestead, FL 33035"
"$2,250 ","1260 SE 27th St, 202, Homestead, FL 33035"
"$2,800 ","2720 SE 15th Pl, Homestead, FL 33035"
"$2,800 ","2510 SE 14th Ave, Homestead, FL 33035"
"$2,450 ","1658 SE 28th Ct, 202, Homestead, FL 33035"
"$2,850 ","132 SE 28 Place, 5, Homestead, FL 33033"
"$4,000 ","1321 Mockingbird Dr, Aubrey, TX 76227"
"$4,200 ","8537 Tallahassee Ln, 8537, Fort Worth, TX 76123"
"$2,300 ","1154 1/2 E 83rd St, Los Angeles, CA 90001"
"$1,550 ","5922 S San Pedro St, Los Angeles, CA 90003"
"$2,250 ","1614 21st Pl SE, 1, Washington, DC 20020"
"$2,100 ","1614 21st Pl SE, 4, Washington, DC 20020"
"$2,400 ","1600 S Ridgeley Dr, Los Angeles, CA 90019"
"$2,500 ","611 County Glen St, Leander, TX 78641"
"$2,000-$2,200","1754 Richmond Cir SE, Atlanta, GA 30315"
"$3,600 ","622 NW 11th St, Miami, FL 33136"
"$3,500 ","331 W 49th St, 329, Los Angeles, CA 90037"
"$2,750 ","331 W 49th St, 329 5, Los Angeles, CA 90037"
"$1,095-$1,395","4512 Lancaster Ave, Philadelphia, PA 19131"
"$1,400 ","4932 W Thompson St, 2, Philadelphia, PA 19131"
"$1,360 ","3908 N Darien St, Philadelphia, PA 19140"
$950 ,"654 S 37th St, 13, Louisville, KY 40211"
"$925-$1,080","2636 N 41 Avenue, 14-07, Phoenix, AZ 85009"
"$1,500 ","1345 W Rockland St, 2, Philadelphia, PA 19141"
$950 ,"4150 Flintlock Dr, 4150, Louisville, KY 40216"
"$2,200 ","6222 Villa Hills Dr, Houston, TX 77066"
"$1,300 ","716 E 81st St, Chicago, IL 60619"
"$1,200 ","1803 Roselyn St, 2, Philadelphia, PA 19141"
"$2,100 ","841 S Worth Ave, Indianapolis, IN 46241"
"$2,250 ","117 Pine Ln, Lehigh Acres, FL 33973"
"$2,345 ","152 W 77th St, 2, Los Angeles, CA 90003"
"$1,595 ","5550 Pearl St, Philadelphia, PA 19139"
"$1,830 ","5407 Westminster Ave, 1F, Philadelphia, PA 19131"
"$1,195 ","5813 Willows Ave, 3F, Philadelphia, PA 19143"
"$1,250 ","7258 S Yates Blvd, 3N, Chicago, IL 60649"
"$1,180 ","7603 S Yates Blvd, 3, Chicago, IL 60649"
"$2,300 ","7743 S Yates Blvd, 3, Chicago, IL 60649"
"$1,529 ","620 Ball St, A, Galveston, TX 77550"
"$2,107 ","7710 Elton Ave, Cleveland, OH 44102"
"$1,195 ","620 Ball St, B, Galveston, TX 77550"
"$1,800 ","5703 Avenue Q, Galveston, TX 77551"
"$1,400 ","3306 E Tuskegee Cir, Montgomery, AL 36108"
"$1,100 ","14124 Superior Rd, Cleveland, OH 44118"
"$1,000-$1,250","14124 Superior Rd, Cleveland, OH 44118"
"$2,287 ","69 Carol Ln, Oakley, CA 94561"
"$2,575 ","500 Willow Ln, Forney, TX 75126"
"$2,300 ","6402 Bishop Dr, na, Forney, TX 75126"
"$2,300 ","7709 Lindheimer Ln, na, McKinney, TX 75071"
$700 ,"2227 Westwood Northern Blvd, Cincinnati, OH 45225"
$850 ,"1510 W North Bend Rd, 11, Cincinnati, OH 45224"
"$1,638 ","2527 Chattering Ln, na, Memphis, TN 38127"
"$3,500 ","1905 McKee Ct, na, Anna, TX 75409"
"$1,400 ","1046 Ellicott Driveway, Baltimore, MD 21216"
"$2,400 ","1945 Timber Oaks Dr, Garland, TX 75040"
"$2,450 ","1003 Henry Ct, na, Forney, TX 75126"
"$3,500 ","4426 Coaldale Dr, Forney, TX 75126"
"$2,250 ","6723 Arid Way, na, San Antonio, TX 78252"
"$2,800 ","3504 Woodshire Ave, Mesquite, TX 75181"
"$1,300 ","4566 Willys Pkwy, 1, Toledo, OH 43612"
"$1,150 ","2401 Raskob St, Flint, MI 48504"
"$1,800 ","1706 Bayou Homes Dr, Galveston, TX 77551"
"$1,250 ","6626 M.L.K. Blvd, Fairfield, AL 35064, USA, Fairfield, AL 35064"
"$1,199 ","5924 Windsor Ave, 1, Philadelphia, PA 19143"
"$3,200 ","2504 Prospect Hill Dr, Na, Fort Worth, TX 76123"
"$2,450 ","1904 Clark St, na, Anna, TX 75409"
"$2,450 ","4270 Elderberry St, Forney, TX 75126"
"$2,495 ","3025 Pleitner Ave, Oakland, CA 94602"
$900 ,"757 Ridgeway Ave, Cincinnati, OH 45229"
"$2,550 ","6834 Bonanza Way, na, Forney, TX 75126"
"$2,500 ","418 Summit Dr, Richardson, TX 75081"
"$2,950 ","2313 Basswood Dr, Little Elm, TX 75068"
"$2,850 ","18 Woodbury Ave, 3, Norwalk, CT 06850"
"$3,600 ","31 Orchard St, 2, Norwalk, CT 06850"
"$2,800 ","3150 NW 3rd St, Lauderhill, FL 33311"
"$3,950 ","6120 Woodman Ave, Los Angeles, CA 91401"
"$2,556 ","885 NE 133rd St, North Miami, FL 33161"
$900 ,"3924 Yearling Ct, 9A, Cincinnati, OH 45211"
"$1,950 ","2608 Wade Rd SE, 103, Washington, DC 20020"
"$1,800 ","16722 Ruidosa Ct, Houston, TX 77053"
"$2,495 ","9480 Eucalyptus St, Spring Valley, CA 91977"
"$1,600 ","8128 S Maryland Ave, 3, Chicago, IL 60619"
"$1,450 ","110 E 70th St, 3, Chicago, IL 60637"
"$1,450 ","8448 S East End Ave, 1, Chicago, IL 60617"
"$1,450 ","7607 S Kingston Ave, 2, Chicago, IL 60649"
"$1,450 ","6331 S California Ave, 3, Chicago, IL 60629"
"$1,250 ","8213 S Cottage Grove Ave, 3, Chicago, IL 60619"
$725 ,"703 W Annsbury St, 1, Philadelphia, PA 19140"
"$1,600 ","6738 S East End Ave, 3, Chicago, IL 60649"
"$1,700 ","7733 S South Shore Dr, 5, Chicago, IL 60649"
"$1,600 ","3203 E Ledbetter Dr, Dallas, TX 75216"
"$1,650 ","315 E 76th St, 2, Chicago, IL 60619"
"$3,900 ","3013 Mill Creek Way, Forney, TX 75126"
"$1,500 ","8623 W Fond du Lac Ave, 3, Milwaukee, WI 53225"
"$1,900 ","2604 Wharton St, Philadelphia, PA 19146"
"$3,095 ","9481 Eucalyptus St, Spring Valley, CA 91977"
"$2,000 ","7945 S Essex Ave, 3, Chicago, IL 60617"
"$1,600 ","7828 S Ellis Ave, 2, Chicago, IL 60619"
"$1,400 ","6037 S Loomis Blvd, G, Chicago, IL 60636"
"$1,150 ","1553 W 90th St, 2, Chicago, IL 60620"
"$1,250 ","2445 E 72nd St, 1, Chicago, IL 60649"
"$1,400 ","243 E 108th St, 3, Chicago, IL 60628"
"$1,600 ","7401 S Rhodes Ave, 1, Chicago, IL 60619"
"$1,600 ","7108 S Rhodes Ave, 2, Chicago, IL 60619"
"$1,450 ","1637 W 83rd St, 3, Chicago, IL 60620"
"$1,699 ","7101 N 36th Ave, 122, Phoenix, AZ 85051"
"$1,650 ","1635 W 83rd St, 2, Chicago, IL 60620"
"$3,500 ","774 NW 41st St, Miami, FL 33127"
"$1,450 ","8442 S Ashland Ave, 2, Chicago, IL 60620"
"$2,000 ","774 NW 41st St, 3, Miami, FL 33127"
"$1,650 ","6549 S Harvard Ave, 3, Chicago, IL 60621"
"$1,450 ","6549 S Harvard Ave, 1, Chicago, IL 60621"
"$1,450 ","7706 S Emerald Ave, 3, Chicago, IL 60620"
"$2,450 ","934 70th Ave, c, Oakland, CA 94621"
"$2,450 ","934 70th Ave, b, Oakland, CA 94621"
"$1,895 ","258 N Tremont St, Indianapolis, IN 46222"
"$1,895 ","1501 N Chester Ave, Indianapolis, IN 46201"
"$1,200 ","9241 Boleyn St, Detroit, MI 48224"
"$1,650 ","9611 Larnder Ave, Up, Cleveland, OH 44102"
"$2,750 ","9955 S Princeton Ave, Chicago, IL 60628"
"$1,580 ","3733 N 10th St, 2, Philadelphia, PA 19140"
"$1,340 ","5912 Walton Ave, 1, Philadelphia, PA 19143"
"$1,340 ","5225 Walnut St, 4, Philadelphia, PA 19139"
"$1,350 ","273 Eastlawn St, Detroit, MI 48215"
"$2,610 ","1833 W Master St, 1, Philadelphia, PA 19121"
"$1,340 ","5225 Walnut St, 2, Philadelphia, PA 19139"
"$1,640 ","4408 Lancaster Ave, Philadelphia, PA 19104"
"$2,130 ","3014 N Croskey St, Philadelphia, PA 19132"
"$1,895 ","512 E Troy Ave, Indianapolis, IN 46203"
"$2,295 ","4103 Aspen Way, Indianapolis, IN 46226"
"$2,295 ","2816 Mars Hill St, Indianapolis, IN 46241"
"$2,295 ","4051 Desmond Ave, Indianapolis, IN 46226"
"$1,895 ","4809 N Kitley Ave, Indianapolis, IN 46226"
"$1,895 ","1438 Blaine Ave, Indianapolis, IN 46221"
"$2,795 ","4103 Aspen Way, Indianapolis, IN 46226"
"$1,895 ","349 Villa Ave, Indianapolis, IN 46201"
"$2,795 ","114 S Traub Ave, Indianapolis, IN 46222"
"$2,295 ","6042 E 25th St, Indianapolis, IN 46219"
"$1,895 ","5306 E 20th Pl, Indianapolis, IN 46218"
"$2,795 ","3150 N Huber St, Indianapolis, IN 46226"
"$2,295 ","212 S Sherman Dr, Indianapolis, IN 46201"
"$2,295 ","38 N Tremont St, Indianapolis, IN 46222"
"$1,895 ","812 S Norfolk St, Indianapolis, IN 46241"
"$3,000 ","912 Elm Ave, Long Beach, CA 90813"
"$1,895 ","1828 N Bancroft St, Indianapolis, IN 46218"
"$3,000 ","1611 Sherman Pl, Long Beach, CA 90804"
"$2,445 ","7435 Sunlit Harbor Dr, Cypress, TX 77433"
"$2,300 ","4206 Medina River Loop, Spring, TX 77386"
"$2,450 ","923 Madison Ave, Bridgeport, CT 06606"
"$1,250 ","11824 Wilshire Dr, Detroit, MI 48213"
"$1,950 ","816 E Eager St, Baltimore, MD 21202"
"$2,610 ","2014 N 20th St, 1, Philadelphia, PA 19121"
"$1,640 ","3952 Lancaster Ave , 001, Philadelphia, PA 19104"
"$2,800 ","918 N Broad St, 501, Philadelphia, PA 19130"
"$1,830 ","3952 Lancaster Ave, 204, Philadelphia, PA 19104"
"$1,880 ","4313 Waln St, Philadelphia, PA 19124"
"$2,800 ","918 N Broad St, 205, Philadelphia, PA 19130"
"$2,270 ","918 N Broad St, 403, Philadelphia, PA 19130"
"$2,300 ","2125 N Corlies St, Philadelphia, PA 19121"
"$2,510 ","2030 N 18th St, A, Philadelphia, PA 19121"
"$1,700 ","7227 S Rhodes Ave, 2, Chicago, IL 60619"
"$1,565 ","6003 Edgefield Dr, Jacksonville, FL 32205"
"$1,300 ","1812 S Ridgeway Ave, 2nd Flo, Chicago, IL 60623"
"$1,350 ","5535 Bloyd St, A, Philadelphia, PA 19138"
"$1,350 ","5535 Bloyd St, B, Philadelphia, PA 19138"
$915 ,"205 W Hudson Ave, Dayton, OH 45405"
"$4,205 ","221 Airport Blvd, Watsonville, CA 95076"
"$4,205 ","30 Ihlam Pl, Watsonville, CA 95076"
$840 ,"1935 Chene Ct, Detroit, MI 48207"
"$2,580 ","2244 Gerritt St, Philadelphia, PA 19146"
"$1,900 ","2509 Christian St, Baltimore, MD 21223"
"$2,172 ","2683 San Marino St, 301, Los Angeles, CA 90006"
"$2,450 ","1438 Valentia St, Denver, CO 80220"
"$3,500 ","818 W Craighead Rd, Charlotte, NC 28206"
"$2,450 ","1434 Valentia St, Denver, CO 80220"
"$1,790 ","592 Cooper St SW, 2, Atlanta, GA 30312"
"$2,600 ","1128 Barbary Fields St, Forney, TX 75126"
"$1,795 ","1633 S Homan Ave, 3F, Chicago, IL 60623"
"$1,495 ","1609 S Homan Ave, 3R, Chicago, IL 60623"
"$1,450 ","6105 S Troy St, 1, Chicago, IL 60629"
"$3,200 ","5 High Rock St, 2, Lynn, MA 01902"
"$3,600 ","7289 Dorstone Way, Sacramento, CA 95829"
"$1,100 ","16317 Carlisle St, Detroit, MI 48205"
"$1,400 ","5525 S Marshfield Ave, 1, Chicago, IL 60636"
"$3,160 ","21671 Wave Hollow Dr, Cypress, TX 77433"
"$1,200 ","15833 Stansbury St, Detroit, MI 48227"
"$2,100 ","2506 Greencrest Dr, 102, San Antonio, TX 78213"
"$1,550 ","181 Bascom Dr, Saint Louis, MO 63135"
"$2,405 ","570 E 104th Pl, Chicago, IL 60628"
"$2,250 ","3241 N 27th St, House , Philadelphia, PA 19129"
"$2,250 ","3241 N 27th St, New, Philadelphia, PA 19129"
"$1,495 ","1645 S Homan Ave, 2F, Chicago, IL 60623"
"$1,795 ","1542 S Central Park Ave, B, Chicago, IL 60623"
"$2,750 ","87 Crowther Ave, 2, Bridgeport, CT 06605"
"$2,000 ","1302 S Spaulding Ave, 1, Chicago, IL 60623"
"$1,795 ","1633 S Homan Ave, 1F, Chicago, IL 60623"
"$1,495 ","1516 S Kostner Ave, S3, Chicago, IL 60623"
"$1,495 ","1514 S Kostner Ave, S2, Chicago, IL 60623"
"$1,995 ","6634 S Washtenaw Ave, 1, Chicago, IL 60629"
"$1,650 ","6561 S Harvard Ave, 1, Chicago, IL 60621"
"$1,450 ","6553 S Harvard Ave, 2, Chicago, IL 60621"
"$1,050 ","6557 S Harvard Ave, 3, Chicago, IL 60621"
"$1,650 ","1050 W 84th St, 2, Chicago, IL 60620"
"$1,650 ","8101 S Ingleside Ave, 2, Chicago, IL 60619"
"$1,450 ","941 E 81st St, 2, Chicago, IL 60619"
"$1,650 ","935 E 81st St, 3, Chicago, IL 60619"
"$1,050 ","8115 S Ingleside Ave, 1, Chicago, IL 60619"
"$3,200 ","708 Yorkshire Dr, Lavon, TX 75166"
"$1,650 ","11004 S Vernon Ave, 2, Chicago, IL 60628"
"$2,999 ","2109 Penaflor Dr, Anna, TX 75409"
"$1,650 ","906 W 85th St, 1, Chicago, IL 60620"
"$1,650 ","417 E 110th St, 1, Chicago, IL 60628"
"$1,650 ","11207 S King Dr, 1, Chicago, IL 60628"
"$1,450 ","11211 S Martin Luther King Dr, 3, Chicago, IL 60628"
"$1,050 ","11211 S Martin Luther King Dr, 1, Chicago, IL 60628"
"$1,400 ","6704 S Campbell Ave, 1, Chicago, IL 60629"
"$1,000 ","6710 S Campbell Ave, 1, Chicago, IL 60629"
"$4,100 ","1022 W 57th St, Los Angeles, CA 90037"
"$1,650 ","8125 S Ingleside Ave, 1, Chicago, IL 60619"
"$3,000 ","4112 Broadleaf Dr, Melissa, TX 75454"
"$1,400 ","4539 Addington Dr, Memphis, TN 38128"
"$3,000 ","220 NE 12th Ave, 34, Homestead, FL 33030"
"$3,990 ","2796 W Madison Cir, Anaheim, CA 92801"
"$1,450 ","8125 S Ingleside Ave, G, Chicago, IL 60619"
"$1,450 ","7133 S Bennett Ave, 3, Chicago, IL 60649"
"$1,900 ","7141 S Bennett Ave, 1, Chicago, IL 60649"
"$1,400 ","6606 S Ingleside Ave, G, Chicago, IL 60637"
"$1,600 ","6606 S Ingleside Ave, 3, Chicago, IL 60637"
"$1,600 ","6658 S Drexel Ave, 1, Chicago, IL 60637"
"$1,650 ","64 E 50th St, 1, Chicago, IL 60615"
"$1,450 ","8200 S Evans Ave, 1, Chicago, IL 60619"
"$1,450 ","8200 S Evans Ave, 3, Chicago, IL 60619"
"$1,450 ","8200 S Evans Ave, 2, Chicago, IL 60619"
"$1,450 ","8200 S Evans Ave, G, Chicago, IL 60619"
"$1,400 ","1640 W 57th St, 2, Chicago, IL 60636"
"$1,900 ","6710 S Chappel Ave, 3, Chicago, IL 60649"
"$1,700 ","7733 S South Shore Dr, 3, Chicago, IL 60649"
"$1,650 ","11000 S Vernon Ave, G, Chicago, IL 60628"
"$1,650 ","7601 S Prairie Ave, 1, Chicago, IL 60619"
"$2,495 ","4612 Bracken Dr, Fort Worth, TX 76137"
"$2,495 ","4021 Engleman St, Fort Worth, TX 76137"
"$1,650 ","935 E 81st St, 2, Chicago, IL 60619"
"$1,600 ","7705 S Laflin St, 1, Chicago, IL 60620"
"$1,450 ","112 E 70th St, 3, Chicago, IL 60637"
"$1,650 ","110 E 70th St, 2, Chicago, IL 60637"
"$2,950 ","1612 Crucero Dr, 4, San Jose, CA 95122"
"$1,400 ","3528 Homewood Ave, Toledo, OH 43612"
"$985-$1,350","2301 Godby Rd, D25, Atlanta, GA 30349"
"$3,200 ","5 High Rock Street Lynn Ma, Lynn, MA 01902"
"$1,995 ","1425 E Madison Ave, 43, El Cajon, CA 92019"
"$1,800 ","1123 10th St, 2, West Palm Beach, FL 33401"
"$1,890 ","4010 Brookston St, Houston, TX 77045"
"$1,600 ","1012 E Ramsey Ave, Fort Worth, TX 76104"
"$2,900 ","1118 E 17th St, 3, Long Beach, CA 90813"
"$1,650 ","5834 Wilkes Dr, Fort Worth, TX 76119"
"$1,650 ","110 E 70th St, 3, Chicago, IL 60637"
"$1,650 ","64 E 50th St, 2, Chicago, IL 60615"
"$1,650 ","64 E 50th St, 3, Chicago, IL 60615"
"$1,650 ","66 E 50th St, 2, Chicago, IL 60615"
"$1,650 ","66 E 50th St, 3, Chicago, IL 60615"
"$1,700 ","1915 Avenue B, 1915, Dickinson, TX 77539"
"$1,600 ","900 W 85th St, 2, Chicago, IL 60620"
"$1,650 ","6800 S Clyde Ave, 1, Chicago, IL 60649"
"$4,000 ","3080 NW 87th Ter, Miami, FL 33147"
"$1,350 ","2211 W Campbell Ave, 23, Phoenix, AZ 85015"
"$1,350 ","2211 W Campbell Ave, 2, Phoenix, AZ 85015"
"$3,400 ","2133 Rolling Wild Rd, Forney, TX 75126"
"$1,800 ","1513 Oneill St, Corpus Christi, TX 78418"
"$3,350 ","8510 Fairfax Ave, Rowlett, TX 75089"
"$3,400 ","3413 Key West Dr, Rowlett, TX 75088"
"$1,600 ","3030 Wellington St, 2, Philadelphia, PA 19149"
"$1,000 ","3030 Wellington St, bsmt, Philadelphia, PA 19149"
"$1,100 ","4918 Locust St, 3FL, Philadelphia, PA 19139"
"$1,995 ","370 NE 58th St, 2, Fort Lauderdale, FL 33334"
"$2,500 ","53 Everett St, 3, Middleboro, MA 02346"
"$1,795 ","1425 E Madison Ave, 16, El Cajon, CA 92019"
"$2,000 ","1359 W Garfield Blvd, 1R, Chicago, IL 60636"
"$2,000 ","1359 W Garfield Blvd, 2R, Chicago, IL 60636"
"$1,825 ","1425 E Madison Ave, 34, El Cajon, CA 92019"
"$2,000 ","1359 W Garfield Blvd, 3R, Chicago, IL 60636"
"$2,000 ","1359 W Garfield Blvd, 1F, Chicago, IL 60636"
"$2,000 ","1359 W Garfield Blvd, 2F, Chicago, IL 60636"
"$2,000 ","1359 W Garfield Blvd, 3F, Chicago, IL 60636"
"$1,950 ","443 N Patterson Park Ave, A, Baltimore, MD 21231"
"$2,500 ","2207 N 18th St, Philadelphia, PA 19132"
"$2,850 ","7944 Mars Pl, Philadelphia, PA 19153"
"$2,500 ","311 W Grove St, Middleboro, MA 02346"
"$1,800 ","1812 Medary Ave, Philadelphia, PA 19141"
"$3,400 ","2663 SE 28 DR, Homestead, FL 33035"
"$2,550 ","1529 SE 24th Ct, Homestead, FL 33035"
"$1,550 ","911 NW 7th Ct, 11, Miami, FL 33136"
"$2,200 ","15470 SW 284th St, 3201, Homestead, FL 33033"
"$2,200 ","14118 SW 282nd St, Homestead, FL 33033"
"$2,500 ","2907 SE 15th Rd, 67, Homestead, FL 33035"
"$1,400 ","4625 Pulaski Ave, 2, Philadelphia, PA 19144"
"$3,550 ","1615 Ariel Dr, Mesquite, TX 75181"
"$1,850 ","10216 SW 173rd Ter, 10216, Miami, FL 33157"
"$2,250 ","17635 SW 104th Ave, 17635, Miami, FL 33157"
"$1,950 ","3737 Park Heights Ave, Baltimore, MD 21215"
"$2,900 ","1313 W 110th Pl, Chicago, IL 60643"
"$2,495 ","1425 E Madison Ave, 37, El Cajon, CA 92019"
"$1,300 ","2607 Pollard Ln, Mobile, AL 36606"
"$1,350 ","236 W 57th St, 1, Chicago, IL 60621"
"$1,800 ","5919 S Emerald Ave, 3, Chicago, IL 60621"
"$1,700 ","5315 W Oxford St, Philadelphia, PA 19131"
"$4,550 ","6731 SW 7th St, Miami, FL 33144"
"$4,350 ","5430 SW 99th Ave, Miami, FL 33165"
"$1,695 ","12697 NE 10th Ave, 12697, North Miami, FL 33161"
"$1,400 ","8623 W Fond du Lac Ave, 4, Milwaukee, WI 53225"
"$1,800 ","4454 N Cleveland St, Philadelphia, PA 19140"
"$1,650 ","4778 NW 3rd St, 3, Miami, FL 33126"
"$1,550 ","1279 NE 110th St, 2, Miami, FL 33161"
"$2,550 ","180 NW 64th St, Miami, FL 33150"
$750 ,"6005 Henderson Ave, Shreveport, LA 71106"
"$3,500 ","8118 NW 5th Ct, Miami, FL 33150"
"$1,500 ","12931 Central Ave NE, 82, Albuquerque, NM 87123"
"$1,500 ","530 Utah SE St, 58, Albuquerque, NM 87108"
"$1,300 ","11100 Gibson Blvd SE, O-383, Albuquerque, NM 87123"
"$995-$1,550","6733 Montgomery Dr, 09, San Antonio, TX 78239"
"$1,495 ","2800 E 81st St, 1, Chicago, IL 60617"
"$1,695 ","1633 S Homan Ave, 1F, Chicago, IL 60623"
"$1,750 ","4125 NW 88th Ave, 104, Coral Springs, FL 33065"
"$1,295 ","2609 Montbirault Dr, Mobile, AL 36605"
$795 ,"741 Springville Rd, L, Birmingham, AL 35215"
"$1,650 ","1029 Cella St, Memphis, TN 38114"
"$1,350 ","1356 Quinn Ave, Memphis, TN 38106"
"$3,000 ","15470 SW 284th St, 3201, Homestead, FL 33033"
"$2,519 ","2310 W Madison St, Phoenix, AZ 85009"
"$4,100 ","8051 Cypress Bonsai Dr, Cypress, TX 77433"
"$4,000 ","8055 Cypress Bonsai Dr, Cypress, TX 77433"
"$2,000 ","24 Hopewell Ln, Sicklerville, NJ 08081"
"$1,600 ","3006 Mathews St, Baltimore, MD 21218"
"$1,200 ","1405 E 41st St, Front, Cleveland, OH 44103"
"$1,200 ","3708 E 52nd St, UP, Cleveland, OH 44105"
"$1,100 ","1029 E 78th St, 1, Cleveland, OH 44103"
"$1,600 ","2702 Ashland Ave, Baltimore, MD 21205"
"$3,400 ","13908 Lilac Sky Ter, Bradenton, FL 34211"
"$1,900 ","295 Ard Pl NW, Atlanta, GA 30331"
"$3,600 ","8910 Bay Leaf Drive, Parrish, FL 34219"
"$1,250-$1,800","2475 18th Ave S, 11, Saint Petersburg, FL 33712"
"$1,450 ","919 Hamlin St, Akron, OH 44320"
"$1,100 ","888 Whittier Ave, Akron, OH 44320"
"$1,300 ","1329 E 72nd Pl, 1, Chicago, IL 60619"
"$1,295 ","3105 First Ave, Mobile, AL 36617"
"$1,800 ","1911 NW 31st St, 2, Miami, FL 33142"
"$1,329 ","491 Cleveland Rd, 2, Cleveland, OH 44108"
"$1,079 ","491 Cleveland Rd, 3, Cleveland, OH 44108"
"$2,660 ","1615 Magazine St, Vallejo, CA 94591"
$900 ,"12600 Brackland Ave, 3, Cleveland, OH 44108"
$765 ,"1129 N Kansas Ave, D, Wichita, KS 67214"
"$2,799 ","1038 Hyde Park Ave, 1, Hyde Park, MA 02136"
"$1,300 ","206 Short McAdory Ave, Bessemer, AL 35020"
"$3,500 ","4210 W Avenue L4, Lancaster, CA 93536"
"$1,501 ","2897 Waters Rd SW, Atlanta, GA 30354"
"$1,600 ","7560 Taylor Rd, 22, Riverdale, GA 30274"
"$1,500 ","19624 Hoover St, Detroit, MI 48205"
"$1,860 ","7560 Taylor Rd, 15, Riverdale, GA 30274"
"$1,150 ","127 Summerwood Dr, 127, Fairburn, GA 30213"
"$3,027 ","884 Belmont Ave, 2f, Brooklyn, NY 11208"
"$2,200 ","28331 SW 141st Ct, Homestead, FL 33033"
"$3,900 ","6612 SW 49th St, Davie, FL 33314"
"$3,500 ","616 SW 16th Ave, 2, Fort Lauderdale, FL 33312"
"$3,850 ","2451 NW 58th St, Miami, FL 33142"
"$1,399 ","1533 E 74th St, 2, Chicago, IL 60619"
"$3,200 ","7918 SW 4th Pl, North Lauderdale, FL 33068"
"$1,250 ","3621 Minnesota Ave, 2, Saint Louis, MO 63118"
"$3,100 ","720 Henry St, Oakland, CA 94607"
"$2,100 ","4233 1/2 S Flower St, 4233 12, Los Angeles, CA 90037"
"$1,175 ","6150 Upland St, 2, Philadelphia, PA 19142"
"$2,500 ","612 SW 1st St, 612, Boynton Beach, FL 33435"
"$1,300 ","4816 Duffield St, Philadelphia, PA 19124"
"$3,200 ","1324 NW 58th Ter, Miami, FL 33142"
"$2,748 ","632 1/2 W 84th St, 2, Los Angeles, CA 90044"
$650 ,"3001 W 45th St, Jacksonville, FL 32209"
"$1,400 ","8880 Old Kings Rd S, 67, Jacksonville, FL 32257"
"$2,250 ","5624 Brait Ave, Jacksonville, FL 32209"
"$3,276 ","1901 NW 46th St, Miami, FL 33142"
"$3,885 ","1529 NW 58th Ter, Miami, FL 33142"
"$1,600 ","533 NW Martin Luther King Jr Blvd, Boynton Beach, FL 33435"
"$1,400 ","12600 Brackland Ave, 1, Cleveland, OH 44108"
"$3,900 ","4924 Breezewind Ln, Fort Worth, TX 76123"
"$4,600 ","22350 SW 115th Ct, 1, Miami, FL 33170"
"$3,948 ","931 NW 55th Ter, Miami, FL 33127"
"$1,200 ","1915 Berkley St, Jacksonville, FL 32209"
"$1,400 ","22829 Almond Ave, Eastpointe, MI 48021"
"$3,400 ","5201 NW 15th Ct, Lauderhill, FL 33313"
"$2,450 ","19443 Brassie Pl, 302, Montgomery Village, MD 20886"
"$1,198 ","2725 Noble Rd, Cleveland, OH 44121"
"$2,400 ","1817 S Longwood Ave, 01, Los Angeles, CA 90019"
"$2,395 ","1358 E 21st St, Los Angeles, CA 90011"
"$2,400 ","7504 Ironbark Dr, Port Richey, FL 34668"
"$2,400 ","10900 Rexdale Ave, Port Richey, FL 34668"
"$2,800 ","256 N 6th St, 2, Newark, NJ 07107"
"$3,100 ","77 Palm St, Newark, NJ 07106"
"$2,200 ","16 Duryea St, 1, Newark, NJ 07103"
"$2,000 ","161 Norman Rd, 1L, Newark, NJ 07106"
"$2,300 ","874 S 15th St, 2, Newark, NJ 07108"
"$2,400 ","904 S 20th St, 2, Newark, NJ 07108"
"$2,200 ","904 S 20th St, 3, Newark, NJ 07108"
"$2,850 ","238 Smith St, Newark, NJ 07106"
"$4,600 ","1730 Cripple Creek Dr, 3, Chula Vista, CA 91915"
"$2,000 ","860 London Rd, Cleveland, OH 44110"
"$2,500 ","946 E 181st St, 1, Bronx, NY 10460"
"$1,350 ","16413 Braddock Ave, 1, Cleveland, OH 44110"
"$1,400 ","3405 E 128th St, 1, Cleveland, OH 44120"
"$1,300 ","5647 Lothian Rd, 2, Baltimore, MD 21212"
"$1,375 ","1433 S Paxon St, Philadelphia, PA 19143"
"$1,500 ","3340 N Water St, Philadelphia, PA 19134"
"$1,300 ","349 E Wister St, Philadelphia, PA 19144"
"$1,800 ","151 W Hansberry St, Philadelphia, PA 19144"
"$1,850 ","4121 W Wilcox St, 2, Chicago, IL 60624"
"$2,172 ","820 W 76th St, Half, Los Angeles, CA 90044"
"$1,455 ","8524 S Oglesby Ave, 1, Chicago, IL 60617"
"$2,490 ","1059 SW 3rd St, 7, Miami, FL 33130"
"$1,900 ","3315 N 11th St, Philadelphia, PA 19140"
"$1,100 ","546 N 63rd St, B, Philadelphia, PA 19151"
"$2,000 ","5016 Reno St, Philadelphia, PA 19139"
"$1,650 ","4116 Cambridge St, 1, Philadelphia, PA 19104"
"$2,000 ","1809 W Master St, 2, Philadelphia, PA 19121"
"$2,000 ","138 W 70th St, 1 E, Chicago, IL 60621"
"$1,150 ","7109 Harford Rd, 1, Baltimore, MD 21234"
"$1,050 ","7208 1/2 Harford Rd, 2, Baltimore, MD 21234"
"$1,800 ","208 Buckingham St, 1, Waterbury, CT 06710"
"$2,600-$3,900","16531 S Denver Ave, 2, Gardena, CA 90248"
"$1,030 ","921 Odom Dr, Fayetteville, NC 28304"
"$2,200 ","3031 NW 134th St, 3, Opa Locka, FL 33054"
"$2,600 ","2103 San Remo Cir, Homestead, FL 33035"
"$2,800 ","260 S 6th St, Newark, NJ 07103"
"$1,140 ","13402 Caine Ave, upstair, Cleveland, OH 44105"
"$3,700 ","532 Vanderbilt Ave, 1, Staten Island, NY 10304"
"$2,689 ","3872 Superior St, A, San Diego, CA 92113"
"$2,200 ","1550 1/2 W 103rd St, Los Angeles, CA 90047"
"$3,450 ","911 Edgehurst Dr, McKinney, TX 75071"
"$3,450 ","909 Edgehurst Dr, McKinney, TX 75071"
"$2,200 ","10534 S Walden Pkwy, 2, Chicago, IL 60643"
"$1,650 ","1822 Comanche St, Corpus Christi, TX 78408"
"$2,850 ","4040 W 63rd St, 2F, Chicago, IL 60629"
"$1,025 ","4846 Yarmouth Pl, 2, Cincinnati, OH 45237"
"$3,100 ","3916 Palo Duro Dr, Plano, TX 75074"
"$1,650 ","4550 Wayne Ave, 1, Philadelphia, PA 19144"
"$1,100 ","1134 Elgin St, F, Corpus Christi, TX 78405"
"$1,150 ","3156 S Rick Dr, Montgomery, AL 36108"
"$1,650 ","2025 S 58th St, Philadelphia, PA 19143"
"$1,600 ","841 E Stafford St, Philadelphia, PA 19138"
$895 ,"1104 S 52nd St, 3, Philadelphia, PA 19143"
"$2,200 ","1814 Prairie View Dr, Princeton, TX 75407"
"$2,440 ","525 Southlake Dr, Forney, TX 75126"
"$2,278 ","2016 Emerald Oaks, Mesquite, TX 75181"
"$1,795 ","3414 Chestnut Ave, Kansas City, MO 64128"
"$3,520 ","2833 Watercress Dr, Little Elm, TX 75068"
"$3,335 ","1449 Rolling Fox Dr, Forney, TX 75126"
"$3,423 ","1125 Copal Dr, Cross Roads, TX 76227"
"$2,879 ","4113 Equestrian Dr, Aubrey, TX 76227"
"$2,829 ","4232 Haflinger Rd, Aubrey, TX 76227"
"$2,650 ","8525 Auburn Dr, Fort Worth, TX 76123"
"$2,979 ","11815 Arkoma Dr, Justin, TX 76247"
"$2,969 ","11703 Forest Lawn Rd, Rhome, TX 76247"
"$2,850 ","11802 Gammon Ave, Justin, TX 76247"
"$2,495 ","11715 Spraberry Way, Justin, TX 76247"
"$2,795 ","11802 Forest Lawn Rd, Justin, TX 76247"
"$3,245 ","537 Cleveland Dr, Lavon, TX 75166"
"$3,476 ","2604 Mitchell Ln, Anna, TX 75409"
"$3,225 ","8905 Pheasant Run Dr, Rowlett, TX 75089"
"$3,476 ","320 Creekside Dr, Anna, TX 75409"
"$3,335 ","1110 Alexandria Dr, Forney, TX 75126"
"$3,335 ","1001 Manassas Dr, Forney, TX 75126"
"$3,194 ","808 Poncho Ln, Haslet, TX 76052"
"$3,476 ","125 Meadow Lark Ln, Anna, TX 75409"
"$3,476 ","212 Cyrus St, Anna, TX 75409"
"$3,476 ","212 Garrett St, Anna, TX 75409"
"$3,335 ","1209 Hampton Dr, Forney, TX 75126"
"$3,476 ","211 Elam Dr, Anna, TX 75409"
"$3,476 ","233 Cyrus St, Anna, TX 75409"
"$2,495 ","1947 Aves Glen Ln, Forney, TX 75126"
"$2,869 ","1853 Lotus St, Royse City, TX 75189"
"$2,889 ","1836 Lotus St, Royse City, TX 75189"
"$2,969 ","1844 Lotus St, Royse City, TX 75189"
"$3,040 ","1848 Lotus St, Royse City, TX 75189"
"$2,100 ","5112 Groton Rd, Baltimore, MD 21206"
"$2,100 ","3007 Kentucky Ave, Baltimore, MD 21213"
"$2,995 ","1845 Lotus St, Royse City, TX 75189"
"$3,423 ","1421 Red River Dr, Aubrey, TX 76227"
"$3,194 ","1101 Roping Reins Way, Haslet, TX 76052"
"$3,335 ","3353 Waldrop Dr, Forney, TX 75126"
"$3,520 ","2009 Waterview Dr, Little Elm, TX 75068"
"$3,377 ","209 Ginger Ave, Anna, TX 75409"
"$3,476 ","329 Niagara Falls Dr, Anna, TX 75409"
"$3,458 ","8433 Fawn Creek Dr, Fort Worth, TX 76123"
"$3,221 ","612 Chestnut Ct, Royse City, TX 75189"
"$3,186 ","6337 Jasper Lake Dr, Fort Worth, TX 76179"
"$3,377 ","616 Brock Dr, Anna, TX 75409"
"$3,234 ","620 Tumbleweed Dr, Forney, TX 75126"
"$3,186 ","6237 Hereford Dr, Fort Worth, TX 76179"
"$3,234 ","2409 Buchanan Ln, Forney, TX 75126"
"$3,458 ","5113 Indian Valley Dr, Fort Worth, TX 76123"
"$3,212 ","8417 Douglas Ave, Rowlett, TX 75089"
"$1,950 ","219 Sunflower St, Princeton, TX 75407"
"$1,950 ","124 Jethro Ln, Princeton, TX 75407"
"$1,950 ","239 Sunflower St, Princeton, TX 75407"
"$1,950 ","167 Sunflower St, Princeton, TX 75407"
"$3,229 ","607 Brookside Dr, Anna, TX 75409"
"$3,449 ","637 Harbor Oaks Dr, Anna, TX 75409"
"$2,350 ","1841 Lotus St, Royse City, TX 75189"
"$2,195 ","1828 Lotus St, Royse City, TX 75189"
"$2,959 ","1917 Lotus St, Royse City, TX 75189"
"$2,795 ","11703 Spraberry Way, Rhome, TX 76078"
"$2,779 ","1913 Lotus St, Royse City, TX 75189"
"$2,295 ","1905 Lotus St, Royse City, TX 75189"
"$3,150 ","1431 Rolling Fox Dr, Forney, TX 75126"
"$3,209 ","4005 Bond St, Rowlett, TX 75088"
"$2,200 ","8514 Chestnut Oak Rd, Parkville, MD 21234"
"$2,600 ","402 Chestnut Ct, Dundalk, MD 21222"
"$1,600 ","14 E Overlea Ave, 5, Baltimore, MD 21206"
"$3,500 ","613 S Eaton St, Baltimore, MD 21224"
"$2,400 ","6032 Marquette Rd, Baltimore, MD 21206"
"$1,800 ","3600 Old York Rd, Baltimore, MD 21218"
"$2,400 ","420 Stemmers Run Rd, Essex, MD 21221"
"$1,900 ","4000 Lyndale Ave, Baltimore, MD 21213"
"$1,350 ","3712 Mayberry Ave, E, Baltimore, MD 21206"
"$2,700 ","1300 Kenton Rd, Parkville, MD 21234"
"$3,200 ","700 N Madeira St, Baltimore, MD 21205"
"$2,400 ","1600 E 25th St, Baltimore, MD 21213"
"$2,400 ","3200 Lyndale Ave, Baltimore, MD 21213"
"$2,400 ","400 Whitridge Ave, Baltimore, MD 21218"
"$2,100 ","3400 Dolfield Ave, Baltimore, MD 21215"
"$2,100 ","5600 Ready Ave, Baltimore, MD 21212"
"$1,700 ","110 N Decker Ave, Baltimore, MD 21224"
"$2,000 ","147 Siegwart Ln, Baltimore, MD 21229"
"$1,500 ","303 Folcroft St, Baltimore, MD 21224"
"$1,500 ","124 S Loudon Ave, Baltimore, MD 21229"
"$2,400 ","600 Whitmore Ave, Baltimore, MD 21216"
"$1,950 ","1168 Washington Blvd, Baltimore, MD 21230"
"$1,600 ","1510 E Madison St, Baltimore, MD 21205"
"$1,400 ","1906 E 31st St, B, Baltimore, MD 21218"
"$2,100 ","2006 Dukeland St, Baltimore, MD 21216"
"$2,400 ","2024 Codd Ave, Dundalk, MD 21222"
"$2,600 ","2815 Topaz Rd, Baltimore, MD 21234"
"$2,200 ","8 Banyan Wood Ct, 302, Essex, MD 21221"
"$1,000 ","3812 Erdman Ave, 2, Baltimore, MD 21213"
"$2,100 ","4007 Lyndale Ave, Baltimore, MD 21213"
"$2,000 ","4102 Mary Ave, Baltimore, MD 21206"
"$1,575 ","4854 E University Ave, Fresno, CA 93703"
"$2,100 ","5900 Schering Rd, Baltimore, MD 21206"
"$1,500 ","3420 Associated Way, Owings Mills, MD 21117"
"$1,500 ","1100 2nd Pl SE, Washington, DC 20003"
"$1,373 ","6018 Dahlgren St, Cincinnati, OH 45227"
"$1,049-$1,849","290 Coal St, Wilkes Barre, PA 18702"
"$1,110-$1,526","501 E Preston St, Baltimore, MD 21202"
"$1,600-$1,930","4221 Lindenwood Drive, 3S, Matteson, IL 60443"
"$1,692 ","164 N 74th St, Mesa, AZ 85207"
"$1,373 ","164 N 74th St, Mesa, AZ 85207"
"$1,695 ","8152 S Maryland Ave, B, Chicago, IL 60619"
"$1,695 ","7200 S Coles Ave, 411, Chicago, IL 60649"
"$1,695 ","6000 S Troy St, 2, Chicago, IL 60629"
"$1,695 ","2921 W 60th St, Chicago, IL 60629"
$995 ,"4234 S Michigan Ave, 3N, Chicago, IL 60653"
"$1,400 ","4228 Berger Ave, B, Baltimore, MD 21206"
"$2,700 ","12344 Bonfire Dr, Reisterstown, MD 21136"
"$2,600 ","8513 Chestnut Oak Rd, Baltimore, MD 21234"
"$2,100 ","8322 Cypress Mill Rd, Nottingham, MD 21236"
"$1,900 ","7414 Hindon Cir, 201, Baltimore, MD 21244"
"$2,600 ","431 Caledonia Ave, Halethorpe, MD 21227"
"$3,200 ","1713 Tigris Trl, Mesquite, TX 75181"
"$1,000 ","5227 Westchase Ct, 3, Jacksonville, FL 32210"
"$2,300 ","360 Cape Harbour Loop, Bradenton, FL 34212"
"$2,200 ","4103 W Reade Ave, Phoenix, AZ 85019"
"$2,000 ","4958 Glowing Garnet St, North Las Vegas, NV 89081"
"$1,999 ","50 Maplewood Ave, 1, Bridgeport, CT 06604"
"$2,200 ","5316 W Lynwood St, Phoenix, AZ 85383"
"$1,250 ","1129 Grothe St, 1129, Jacksonville, FL 32209"
"$1,400 ","8328 Roselawn St, Detroit, MI 48204"
"$3,100 ","922 Ramble Rd, Lavon, TX 75166"
"$2,500 ","7630 N Marshfield Ave, 2, Chicago, IL 60626"
"$2,500 ","7630 N Marshfield Ave, 3, Chicago, IL 60626"
"$2,150 ","8109 Skillman St, 2017, Dallas, TX 75231"
"$1,600 ","1650 S Saint Louis Ave, 1R, Chicago, IL 60623"
"$1,600 ","1650 S Saint Louis Ave, 2R, Chicago, IL 60623"
"$1,600 ","1650 S Saint Louis Ave, 3R, Chicago, IL 60623"
"$1,600 ","1338 S Springfield Ave, 1R, Chicago, IL 60623"
"$1,600 ","1338 S Springfield Ave, 3R, Chicago, IL 60623"
"$3,100 ","9233 Paluxy Dr, Fort Worth, TX 76244"
"$1,150 ","628 Annie Laura Dr, Birmingham, AL 35215"
"$2,200 ","10400 SW 108th Ave, A-310, Miami, FL 33176"
"$2,725 ","8436 Dowling St, Oakland, CA 94605"
"$2,600 ","1510 Archer Rd, 6A, Bronx, NY 10462"
"$3,770 ","207 E 205th St, 1, Bronx, NY 10458"
"$2,000 ","8111 Waterbury Ct, 309, Woodridge, IL 60517"
"$2,250 ","17635 SW 104th Ave, Miami, FL 33157"
"$1,850 ","10216 SW 173rd Ter, Miami, FL 33157"
"$2,300 ","4208 Jadestone Ave, Las Vegas, NV 89108"
"$2,500 ","5033 Sitka Ln, Las Vegas, NV 89122"
"$3,610 ","685 E 240th St, 1, Bronx, NY 10470"
"$4,070 ","368 Bronx Park Ave, 2, Bronx, NY 10460"
"$4,070 ","740 E 214th St, 3, Bronx, NY 10467"
"$1,000 ","12601 Signet Ave, Cleveland, OH 44120"
"$2,900 ","5420 W Lynwood St, Phoenix, AZ 85043"
"$2,700 ","2115 French St, Fort Myers, FL 33916"
$875 ,"5407 Carnae Ct, 51, Louisville, KY 40216"
"$3,500 ","2227 83rd Ave, C, Oakland, CA 94605"
$875 ,"4131 Flintlock Dr, 5, Louisville, KY 40216"
"$2,450 ","716 Portina Dr, Anna, TX 75409"
"$1,595 ","178 Third Ave, Chula Vista, CA 91910"
"$2,990 ","1125 Hancock Ave, 2, Bridgeport, CT 06605"
"$3,200 ","248 Gregory St, 2, Bridgeport, CT 06604"
"$3,300 ","2188 50th Ave, Oakland, CA 94601"
"$4,500 ","7633 Red Stag St, Arlington, TX 76002"
"$1,800 ","218 S 38th St, Louisville, KY 40212"
"$2,350 ","5011 Lanette St, Orlando, FL 32811"
"$1,100 ","6635 Torresdale Ave, 2R, Philadelphia, PA 19135"
"$1,100 ","1316 S Preston St, 1, Louisville, KY 40208"
"$1,100 ","2731 Greenwood Ave, Louisville, KY 40211"
$950 ,"650 S 37th St, 7, Louisville, KY 40211"
"$3,099 ","8813 Westfield Dr, Rowlett, TX 75088"
"$1,500 ","1543 N 60th St, Philadelphia, PA 19151"
"$1,600 ","8980 E 12th Ave, 8980, Aurora, CO 80010"
"$2,800 ","3411 Roosevelt Dr, Midland, TX 79703"
"$2,300 ","718 Crestwell SW Cir, Atlanta, GA 30331"
"$4,500 ","12855 SW 243rd Ter, Homestead, FL 33032"
"$1,150 ","130 Del Rey Dr, Jackson, MS 39212"
"$1,400 ","2927 Erdman Ave, Baltimore, MD 21213"
"$3,600 ","1712 Anthem Dr, Royse City, TX 75189"
"$2,250 ","1817 171st St, 2, East Hazel Crest, IL 60429"
"$2,700 ","5322 Virginia Ave, 5, Los Angeles, CA 90029"
"$1,900 ","175 Edgewood St, 1, Hartford, CT 06112"
$875 ,"7331 Saint Andrews Church Rd, 7, Louisville, KY 40214"
$875 ,"1915 Rockford Ln, 125, Louisville, KY 40216"
"$2,100 ","10015 Alondra Blvd, Bellflower, CA 90706"
"$2,100 ","15741 Blaine Ave, Bellflower, CA 90706"
$875 ,"1822 San Jose Ave, 130, Louisville, KY 40216"
"$2,700 ","3807 W Adams Blvd, Los Angeles, CA 90018"
"$2,035 ","1401 J St, San Diego, CA 92101"
"$2,500 ","2115 73rd Ave, 4, Oakland, CA 94621"
"$1,300 ","15747 Snowden St, Detroit, MI 48227"
"$3,948 ","3846 NW 207th St, Miami Gardens, FL 33055"
"$1,850 ","619 SW 2nd Ave, 2, Boynton Beach, FL 33426"
"$1,500 ","229 Meadowdale Ave, Birmingham, AL 35215"
"$3,650 ","2114 Rustic Ridge Dr, Keller, TX 76248"
"$2,195 ","323 E 15th St, 327, Oakland, CA 94606"
"$3,900 ","2644 Spring Branch Rd, Mesquite, TX 75181"
"$3,280 ","9840 Cedarcrest Dr, Providence Village, TX 76227"
"$3,918 ","1506 W 80th St, 4, Los Angeles, CA 90047"
"$3,500 ","85 Court House Pl, Jersey City, NJ 07306"
"$2,250 ","381 Baldwin Ave, Jersey City, NJ 07306"
$800 ,"1350 Evers Dr, Pittsburgh, PA 15206"
"$2,150 ","2744 N Laramie Ave, 3W, Chicago, IL 60639"
"$1,700 ","15674 Rossini Dr, Detroit, MI 48205"
"$1,860 ","74 Allen Pl, 76, Hartford, CT 06106"
"$1,950 ","2541 Aragon Blvd, 313, Sunrise, FL 33322"
"$1,475 ","7958 S Paulina St, 3, Chicago, IL 60620"
"$4,516 ","6701 Kinross Dr, Arlington, TX 76002"
"$2,450 ","2325 17th Ave, 5, Oakland, CA 94606"
"$1,600 ","5230 Forest Ave, Maple Heights, OH 44137"
"$2,150 ","1044 1/2 W 57th St, Los Angeles, CA 90037"
"$1,000 ","2011 Westlake Ave, 14, Savannah, GA 31405"
"$2,300 ","3617 N 54th St, Tampa, FL 33619"
"$2,440 ","2513 Wallace Ave, 1A, Bronx, NY 10467"
"$2,250 ","4001 Massachusetts Ave, Baltimore, MD 21229"
"$1,100 ","2702 Greenwood Ave, 2, Louisville, KY 40211"
"$1,800-$2,000","268 Piedmont F, 268, Delray Beach, FL 33484"
"$1,100 ","2710 W Kentucky St, 1, Louisville, KY 40211"
"$695-$1,900","600 S Glenwood Ave, B, Independence, MO 64053"
"$1,100 ","1518 W Oak St, 101, Louisville, KY 40210"
"$1,980 ","396 Brittany I, Delray Beach, FL 33446"
"$1,725 ","3 Piedmont a, Delray Beach, FL 33484"
"$3,500 ","124 Rounds St, Vallejo, CA 94589"
"$3,200 ","6145 W 54th St, 1, Chicago, IL 60638"
"$2,100 ","4658 Kernwood Ave, Baltimore, MD 21212"
"$1,995 ","4197 1/2 4th Ave, Los Angeles, CA 90008"
"$2,600 ","3409 E 9th Ave, Tampa, FL 33605"
"$2,172 ","4325 S Main St, 208, Los Angeles, CA 90037"
"$2,172 ","1450 W Washington Blvd, 209, Los Angeles, CA 90007"
"$1,695 ","5874 S Figueroa St, 7, Los Angeles, CA 90003"
"$1,995 ","2027 S Ridgeley Dr, 4, Los Angeles, CA 90016"
"$1,850 ","6203 Crenshaw Blvd, 9, Los Angeles, CA 90043"
"$2,450 ","3829 Wall St, 6, Los Angeles, CA 90011"
"$3,250 ","152 W 83rd St, 152, Los Angeles, CA 90003"
"$3,915 ","251 W 41st Pl, 1, Los Angeles, CA 90037"
"$2,400 ","426 3/4 W 77th St, Los Angeles, CA 90003"
"$2,450 ","10500 S Broadway, 4, Los Angeles, CA 90003"
"$2,650 ","211 E 55th St, 3, Los Angeles, CA 90011"
"$2,400 ","6203 Crenshaw Blvd, 1, Los Angeles, CA 90043"
"$2,400 ","626 W 78th St, 8, Los Angeles, CA 90044"
"$2,150 ","4136 Abner St, 4, Los Angeles, CA 90032"
"$2,172 ","1605 W Vernon Ave, 1, Los Angeles, CA 90062"
"$1,920 ","533 W 49th St, Los Angeles, CA 90037"
"$1,895 ","811 W 97th St, 7, Los Angeles, CA 90044"
"$2,172 ","456 S Breed St, 201, Los Angeles, CA 90033"
"$2,172 ","456 S Breed St, 306, Los Angeles, CA 90033"
"$2,250 ","456 S Breed St, 205, Los Angeles, CA 90033"
"$2,172 ","4424 Stanford Ave, Los Angeles, CA 90011"
"$1,999 ","943 E 108th St, 5, Los Angeles, CA 90059"
"$2,544 ","3508 W 113th St, 3, Inglewood, CA 90303"
"$1,795 ","839 W 43rd Pl, 6, Los Angeles, CA 90037"
"$1,795 ","731 E Jefferson Blvd, 3, Los Angeles, CA 90011"
"$3,600 ","3073 E Hills Dr, San Jose, CA 95127"
"$1,850 ","527 W 46th St, 209, Los Angeles, CA 90037"
"$1,850 ","527 W 46th St, 203, Los Angeles, CA 90037"
"$1,495 ","11425 S Figueroa St, 7, Los Angeles, CA 90061"
"$1,100 ","650 S 37th St, 6, Louisville, KY 40211"
